{"count":1,"self":38.93024,"total":40.2360438,"children":{"AgentResetIfDone":{"count":2055,"self":0.0297095,"total":0.0297095,"children":null},"AgentSendState":{"count":2055,"self":0.0223377,"total":0.0283932,"children":{"CollectObservations":{"count":252,"self":0.0060555,"total":0.0060555,"children":null}}},"DecideAction":{"count":2055,"self":1.1729478,"total":1.1799636999999998,"children":{"AgentInfo.ToProto":{"count":21,"self":0.0070158999999999994,"total":0.0070158999999999994,"children":null}}},"AcademyStep":{"count":2055,"self":0.0170148,"total":0.0170148,"children":null},"AgentAct":{"count":2055,"self":0.0497193,"total":0.0497193,"children":null}}}