{"count":1,"self":28.416409599999998,"total":29.6725703,"children":{"AgentResetIfDone":{"count":2610,"self":0.0414856,"total":0.0414856,"children":null},"AgentSendState":{"count":2610,"self":0.1162329,"total":0.18054589999999998,"children":{"CollectObservations":{"count":6264,"self":0.064313,"total":0.064313,"children":null}}},"DecideAction":{"count":2610,"self":0.8620844,"total":0.8620844,"children":null},"AcademyStep":{"count":2610,"self":0.0165701,"total":0.0165701,"children":null},"AgentAct":{"count":2610,"self":0.1544736,"total":0.1544736,"children":null}}}