{"count":1,"self":20.52992,"total":20.5909667,"children":{"AgentResetIfDone":{"count":33,"self":0.0020020999999999997,"total":0.0020020999999999997,"children":null},"AgentSendState":{"count":33,"self":0.0040038,"total":0.0050047,"children":{"CollectObservations":{"count":84,"self":0.0010008999999999999,"total":0.0010008999999999999,"children":null}}},"DecideAction":{"count":33,"self":0.0500363,"total":0.0500363,"children":null},"AcademyStep":{"count":33,"self":0,"total":0,"children":null},"AgentAct":{"count":33,"self":0.0030022,"total":0.0030022,"children":null}}}